{
    "L": {
        "mean": 165.12572,
        "sigma": 13.763577822702933
    },
    "A": {
        "mean": 122.10944,
        "sigma": 4.0
    },
    "B": {
        "mean": 131.4958,
        "sigma": 4.0
    }
}