{
    "L": {
        "mean": 158.41168,
        "sigma": 18.02846858658827
    },
    "A": {
        "mean": 122.32844,
        "sigma": 15.0
    },
    "B": {
        "mean": 132.0376,
        "sigma": 15.0
    },
    "S": {
        "mean": 20.3868,
        "sigma": 15.0
    }
}